﻿name,code,measure,refrigeratedterm,freezedterm
소고기,11,g,5,120
소고기차돌박이,11,g,5,120
우삼겹,11,g,5,120
소고기우둔살,11,g,5,120
소고기갈비,11,g,5,120
소고기국거리,11,g,5,120
돼지고기,12,g,3,120
돼지고기삼겹살,12,g,3,120
돼지고기목살,12,g,3,120
돼지고기등심,12,g,3,120
돼지갈비,12,g,3,120
닭고기,13,g,2,180
닭가슴살,13,g,2,180
오리고기,14,g,2,120
양고기,14,g,3,120
햄,15,g,14,30
소시지,15,g,14,30
스팸,15,g,30,30
베이컨,15,g,14,30
미트볼,15,g,30,30
떡갈비,15,g,30,30
고등어,21,마리,2,60
갈치,21,마리,2,60
삼치,21,마리,2,60
연어,21,g,2,60
장어,21,마리,2,60
복어,21,마리,2,60
굴비,21,마리,2,60
꽁치,21,마리,2,60
코다리,21,마리,30,60
동태,21,마리,5,60
도미,21,마리,2,60
밴댕이,21,마리,2,60
멸치,21,g,30,60
조개,22,g,2,60
가리비,22,g,2,60
꼬막,22,g,2,60
바지락,22,g,2,60
홍합,22,g,2,60
굴,22,g,2,60
전복,22,g,2,60
관자,22,g,2,60
대하,23,마리,2,90
새우,23,마리,2,90
꽃게,23,마리,1,90
대게,23,마리,1,90
랍스타,23,마리,1,90
민물가재,23,마리,1,90
크래미,23,g,30,90
오징어,24,마리,1,90
문어,24,마리,1,90
낙지,24,마리,1,90
쭈꾸미,24,마리,1,90
골뱅이,25,g,2,180
멍게,25,g,3,180
해삼,25,g,2,180
소라,25,g,2,180
다슬기,25,g,2,180
미역,25,g,3,180
톳,25,g,3,180
파래,25,g,3,180
매생이,25,g,3,180
김,25,장,7,180
다시마,25,개,7,180
가쓰오부시,26,g,30,60
건새우,26,g,30,60
건미역,26,g,30,60
멸치다시,26,g,30,60
북어포,26,g,90,60
진미채,26,g,30,60
오징어채,26,g,30,60
황태,26,g,7,60
건오징어,26,g,30,60
쥐포,26,g,90,60
참치캔,26,g,30,60
연어캔,26,g,30,60
꽁치캔,26,g,30,60
어묵,26,g,7,60
새우젓,26,g,180,180
멸치액젓,26,g,180,180
명란젓,26,g,90,180
조개젓,26,g,180,180
멸치젓,26,g,180,180
창란젓,26,g,180,180
앤초비,26,g,180,180
양배추,31,g,14,NA
브로콜리,31,g,7,NA
달래,31,g,7,NA
아보카도,31,개,3,NA
미나리,31,g,3,NA
시금치,31,g,3,NA
배추,31,g,3,NA
치커리,31,g,15,NA
깻잎,31,장,3,NA
대파,31,개,10,NA
실파,31,g,7,NA
쪽파,31,g,7,NA
부추,31,g,7,NA
상추,31,장,5,NA
청경채,31,g,7,NA
양상추,31,g,5,NA
아스파라거스,31,g,4,NA
알배추,31,g,15,NA
모듬쌈채소,31,g,5,NA
봄동,31,g,3,NA
쑥갓,31,g,3,NA
무순,31,g,3,NA
두릅,31,g,7,NA
새싹채소,31,g,7,NA
케일,31,g,5,NA
루꼴라,31,g,5,NA
열무,31,g,4,NA
연잎,31,g,5,NA
호박잎,31,g,5,NA
샐러리,31,g,14,NA
애호박,31,개,7,NA
고추,31,개,5,NA
건고추,31,개,90,NA
홍고추,31,개,7,NA
청양고추,31,개,4,NA
페페론치노,31,개,180,NA
오이,31,개,7,NA
파프리카,31,개,5,NA
가지,31,개,5,NA
피망,31,개,5,NA
올리브,31,개,30,NA
단호박,31,개,15,NA
양파,31,개,4,NA
무,31,개,7,NA
비트,31,개,3,NA
마늘,31,개,14,NA
당근,31,개,14,NA
고사리,31,g,90,NA
명이나물,31,g,30,NA
파슬리,31,g,7,NA
냉이,31,g,3,NA
곤드레,31,g,90,NA
참나물,31,g,3,NA
취나물,31,g,15,NA
돌나물,31,g,5,NA
바질,31,g,30,NA
계피,31,g,90,NA
시나몬가루,31,g,90,NA
로즈마리,31,g,30,NA
민트,31,g,3,NA
고수,31,g,7,NA
쑥,31,g,3,NA
시판샐러드,31,팩,3,NA
케이퍼,31,g,120,NA
감자,32,개,5,NA
마,32,개,7,NA
죽순,32,개,3,NA
연근,32,개,3,NA
고구마,32,개,5,NA
우엉,32,개,3,NA
생강,32,개,7,NA
야콘,32,개,60,NA
강황,32,개,180,NA
콜라비,32,개,5,NA
도라지,32,개,10,NA
인삼,32,개,5,NA
사과,33,개,7,NA
배,33,개,7,NA
감,33,개,7,NA
자몽,33,개,3,NA
레몬,33,개,7,NA
오렌지,33,개,7,NA
참외,33,개,3,NA
복숭아,33,개,5,NA
자두,33,개,7,NA
망고,33,개,7,NA
수박,33,개,7,NA
파인애플,33,개,5,NA
메론,33,개,7,NA
바나나,33,개,7,NA
포도,33,개,4,NA
블루베리,33,개,7,NA
딸기,33,개,4,NA
체리,33,개,7,NA
라임,33,개,7,NA
매실,33,개,7,NA
토마토,33,개,7,NA
방울토마토,33,개,7,NA
대추,33,개,7,NA
김치,34,g,180,NA
동치미,34,g,180,NA
깍두기,34,g,180,NA
단무지,34,g,30,NA
팽이버섯,35,g,7,NA
송이버섯,35,개,40,NA
새송이버섯,35,개,7,NA
느타리버섯,35,g,5,NA
표고버섯,35,개,7,NA
건표고버섯,35,개,30,NA
양송이버섯,35,개,4,NA
목이버섯,35,개,7,NA
영지버섯,35,개,90,NA
송화버섯,35,개,30,NA
노루궁뎅이버섯,35,개,7,NA
계란,41,개,30,NA
메추리알,41,개,15,NA
우유,42,ml,7,NA
아몬드우유,42,ml,7,NA
코코넛밀크,42,ml,30,NA
요구르트,42,ml,14,NA
생크림,42,ml,7,NA
연유,42,g,30,NA
분유,42,g,30,NA
휘핑크림,42,ml,30,NA
요플레,42,g,14,NA
요거트,42,g,14,NA
슬라이스치즈,43,장,90,NA
모짜렐라치즈,43,g,90,NA
크림치즈,43,g,14,NA
파마산치즈가루,43,g,30,NA
스트링치즈,43,g,90,NA
리코타치즈,43,g,7,NA
치즈,43,g,7,NA
옥수수,51,개,7,NA
쌀,51,g,180,NA
현미,51,g,180,NA
찹쌀,51,g,30,NA
참깨,51,g,180,NA
검은깨,51,g,60,NA
들깨,51,g,90,NA
들깨가루,51,g,180,NA
귀리,51,g,90,NA
밀,51,g,30,NA
메밀,51,g,30,NA
퀴노아,51,g,90,NA
콩나물,52,g,7,NA
숙주,52,g,3,NA
아몬드,52,g,15,NA
호두,52,g,90,NA
완두콩,52,g,90,NA
땅콩,52,g,7,NA
병아리콩,52,g,180,NA
잣,52,g,30,NA
밤,52,개,30,NA
캐슈넛,52,g,90,NA
팥,52,g,90,NA
검정콩,52,g,90,NA
녹두,52,g,30,NA
두부,52,모,3,NA
연두부,52,g,2,NA
순두부,52,g,2,NA
유부,52,g,5,NA
도토리묵,52,g,3,NA
청포묵,52,g,3,NA
곤약,52,g,3,NA
메밀묵,52,g,3,NA
실곤약,52,g,3,NA
우무묵,52,g,3,NA
콩비지,52,g,3,NA
밀가루,53,g,30,NA
녹말가루,53,g,15,NA
부침가루,53,g,7,NA
튀김가루,53,g,10,NA
빵가루,53,g,5,NA
전분가루,53,g,15,NA
찹쌀가루,53,g,30,NA
드라이이스트,53,g,7,NA
베이킹파우더,53,g,30,NA
베이킹소다,53,g,30,NA
콩가루,53,g,3,NA
미숫가루,53,g,30,NA
쌀가루,53,g,180,NA
코코아가루,53,g,180,NA
옥수수가루,53,g,180,NA
핫케익가루,53,g,180,NA
국수,53,g,90,NA
당면,53,g,90,NA
쌀국수면,53,g,7,NA
메밀국수면,53,g,90,NA
냉면,53,g,180,NA
중화면,53,g,25,NA
일식면,53,g,180,NA
칼국수면,53,g,180,NA
우동면,53,g,25,NA
소면,53,g,180,NA
라면,53,g,180,NA
쫄면,53,g,180,NA
양장피면,53,g,180,NA
수제비,53,g,30,NA
파스타면,53,g,180,NA
라이스페이퍼,53,g,180,NA
또띠아,53,장,30,NA
식빵,53,장,7,NA
모닝빵,53,개,7,NA
바게트빵,53,개,7,NA
핫도그빵,53,개,7,NA
크로와상빵,53,개,7,NA
베이글빵,53,개,7,NA
떡국떡,53,g,90,NA
떡볶이떡,53,g,60,NA
가래떡,53,g,180,NA
인절미,53,g,180,NA
송편,53,g,3,NA
찹쌀떡,53,개,3,NA
조랭이떡,53,g,3,NA
시판닭갈비양념,61,g,NA,180
시판핫소스,61,g,180,NA
시판반쎄오가루,61,g,180,NA
시판칠리소스,61,g,180,NA
시판토마토소스,61,g,180,NA
시판데리야끼소스,61,g,180,NA
시판돈까스소스,61,g,180,NA
시판카레가루,61,g,180,NA
시판베이크드빈,61,g,180,NA
시판할라피뇨,61,개,180,NA
시판피클,61,g,180,NA
시판쌈무,61,g,30,NA
시판녹차가루,61,g,180,NA
시판유자청,61,g,180,NA
시판레몬청,61,g,180,NA
시판매실청,61,g,180,NA
시판매실액,61,ml,180,NA
시판배즙,61,ml,180,NA
시판춘장,61,g,180,NA
시판두반장,61,g,180,NA
시판스리라차소스,61,g,180,NA
시판칠리페이스트,61,g,180,NA
시판똠양페이스트,61,g,180,NA
시판케이준파우더,61,g,180,NA
시판머스타드소스,61,g,180,NA
시판생강즙,61,ml,180,NA
시판생강분말,61,g,180,NA
시판스테이크소스,61,g,180,NA
시판미소된장,61,g,180,NA
시판사골육수,61,g,180,NA
시판땅콩소스,61,g,180,NA
시판오리엔탈소스,61,g,180,NA
시판요구르트드레싱,61,g,90,NA
시판하이라이스가루,61,g,180,NA
시판혼다시,61,g,180,NA
시판마라소스,61,g,180,NA
시판피쉬소스,61,g,180,NA
시판크림소스,61,g,180,NA
시판발사믹식초,61,ml,180,NA
시판바베큐소스,61,g,180,NA
시판카레,61,g,180,NA
시판고추기름,61,g,180,NA
시판큐민파우더,61,g,180,NA
고추냉이,62,,,NA
겨자,62,,,NA
물엿,62,,,NA
꿀,62,,,NA
올리고당,62,,,NA
후리가케,62,,,NA
고춧가루,62,,,NA
고추장,62,,,NA
다진마늘,62,,,NA
다진생강,62,,,NA
된장,62,,,NA
식초,62,,,NA
국간장,62,,,NA
진간장,62,,,NA
간장,62,,,NA
양조간장,62,,,NA
후추,62,,,NA
소금,62,,,NA
설탕,62,,,NA
케찹,62,,,NA
초고추장,62,,,NA
굴소스,62,,,NA
치킨스톡,62,,,NA
마요네즈,62,,,NA
딸기잼,62,,,NA
초콜릿잼,62,,,NA
녹차잼,62,,,NA
다시다,62,,,NA
미림,62,,,NA
맛술,62,,,NA
들기름,63,,,NA
참기름,63,,,NA
포도씨유,63,,,NA
땅콩기름,63,,,NA
땅콩버터,63,,,NA
버터,63,,,NA
마가린,63,,,NA
올리브유,63,,,NA
쯔유,63,,,NA
사이다,64,ml,180,NA
맥주,64,ml,180,NA
소주,64,ml,180,NA
와인,64,ml,180,NA
청주,64,ml,180,NA
시판만두,65,g,NA,180
시판호떡믹스,65,g,180,NA
나초,65,g,180,NA
옥수수캔,65,g,180,NA
후르츠캔,65,g,180,NA
파인애플캔,65,g,180,NA
황도캔,65,g,180,NA
해쉬브라운,65,g,NA,120
