﻿user_id,menu_id,meal,result
1,1 ,아침,TRUE
1,1 ,점심,TRUE
1,1 ,저녁,TRUE
1,2 ,아침,TRUE
1,2 ,점심,TRUE
1,2 ,저녁,TRUE
1,3 ,아침,TRUE
1,3 ,점심,TRUE
1,3 ,저녁,TRUE
1,4 ,아침,TRUE
1,4 ,점심,TRUE
1,4 ,저녁,TRUE
1,5 ,아침,TRUE
1,5 ,점심,TRUE
1,5 ,저녁,TRUE
1,6 ,아침,TRUE
1,6 ,점심,TRUE
1,6 ,저녁,TRUE
1,7 ,아침,TRUE
1,7 ,점심,TRUE
1,7 ,저녁,TRUE
1,8 ,아침,TRUE
1,8 ,점심,TRUE
1,8 ,저녁,TRUE
1,9 ,아침,TRUE
1,9 ,점심,TRUE
1,9 ,저녁,TRUE
1,10 ,아침,TRUE
1,10 ,점심,TRUE
1,10 ,저녁,TRUE
1,11 ,아침,TRUE
1,11 ,점심,TRUE
1,11 ,저녁,TRUE
1,12 ,아침,TRUE
1,12 ,점심,TRUE
1,12 ,저녁,TRUE
1,13 ,아침,TRUE
1,13 ,점심,TRUE
1,13 ,저녁,TRUE
1,14 ,아침,TRUE
1,14 ,점심,TRUE
1,14 ,저녁,TRUE
1,15 ,아침,TRUE
1,15 ,점심,TRUE
1,15 ,저녁,TRUE
1,16 ,아침,TRUE
1,16 ,점심,TRUE
1,16 ,저녁,TRUE
1,17 ,아침,TRUE
1,17 ,점심,TRUE
1,17 ,저녁,TRUE
1,18 ,아침,TRUE
1,18 ,점심,TRUE
1,18 ,저녁,TRUE
1,19 ,아침,TRUE
1,19 ,점심,TRUE
1,19 ,저녁,TRUE
1,20 ,아침,TRUE
1,20 ,점심,TRUE
1,20 ,저녁,TRUE
1,21 ,아침,TRUE
1,21 ,점심,TRUE
1,21 ,저녁,TRUE
1,22 ,아침,TRUE
1,22 ,점심,TRUE
1,22 ,저녁,TRUE
1,23 ,아침,TRUE
1,23 ,점심,TRUE
1,23 ,저녁,TRUE
1,24 ,아침,TRUE
1,24 ,점심,TRUE
1,24 ,저녁,TRUE
1,25 ,아침,TRUE
1,25 ,점심,TRUE
1,25 ,저녁,TRUE
1,26 ,아침,TRUE
1,26 ,점심,TRUE
1,26 ,저녁,TRUE
1,27 ,아침,TRUE
1,27 ,점심,TRUE
1,27 ,저녁,TRUE
1,28 ,아침,TRUE
1,28 ,점심,TRUE
1,28 ,저녁,TRUE
1,29 ,아침,TRUE
1,29 ,점심,TRUE
1,29 ,저녁,TRUE
1,30 ,아침,TRUE
1,30 ,점심,TRUE
1,30 ,저녁,TRUE
1,31 ,아침,TRUE
1,31 ,점심,TRUE
1,31 ,저녁,TRUE
1,32 ,아침,TRUE
1,32 ,점심,TRUE
1,32 ,저녁,TRUE
1,33 ,아침,TRUE
1,33 ,점심,TRUE
1,33 ,저녁,TRUE
1,34 ,아침,TRUE
1,34 ,점심,TRUE
1,34 ,저녁,TRUE
1,35 ,아침,TRUE
1,35 ,점심,TRUE
1,35 ,저녁,TRUE
1,36 ,아침,TRUE
1,36 ,점심,TRUE
1,36 ,저녁,TRUE
1,37 ,아침,TRUE
1,37 ,점심,TRUE
1,37 ,저녁,TRUE
1,38 ,아침,TRUE
1,38 ,점심,TRUE
1,38 ,저녁,TRUE
1,39 ,아침,TRUE
1,39 ,점심,TRUE
1,39 ,저녁,TRUE
1,40 ,아침,TRUE
1,40 ,점심,TRUE
1,40 ,저녁,TRUE
1,41 ,아침,TRUE
1,41 ,점심,TRUE
1,41 ,저녁,TRUE
1,42 ,아침,TRUE
1,42 ,점심,TRUE
1,42 ,저녁,TRUE
1,43 ,아침,TRUE
1,43 ,점심,TRUE
1,43 ,저녁,TRUE
1,44 ,아침,TRUE
1,44 ,점심,TRUE
1,44 ,저녁,TRUE
1,45 ,아침,TRUE
1,45 ,점심,TRUE
1,45 ,저녁,TRUE
1,46 ,아침,TRUE
1,46 ,점심,TRUE
1,46 ,저녁,TRUE
1,47 ,아침,TRUE
1,47 ,점심,TRUE
1,47 ,저녁,TRUE
1,48 ,아침,TRUE
1,48 ,점심,TRUE
1,48 ,저녁,TRUE
1,49 ,아침,TRUE
1,49 ,점심,TRUE
1,49 ,저녁,TRUE
1,50 ,아침,TRUE
1,50 ,점심,TRUE
1,50 ,저녁,TRUE
1,51 ,아침,TRUE
1,51 ,점심,TRUE
1,51 ,저녁,TRUE
1,52 ,아침,TRUE
1,52 ,점심,TRUE
1,52 ,저녁,TRUE
1,53 ,아침,TRUE
1,53 ,점심,TRUE
1,53 ,저녁,TRUE
1,54 ,아침,TRUE
1,54 ,점심,TRUE
1,54 ,저녁,TRUE
1,55 ,아침,TRUE
1,55 ,점심,TRUE
1,55 ,저녁,TRUE
1,56 ,아침,TRUE
1,56 ,점심,TRUE
1,56 ,저녁,TRUE
1,57 ,아침,TRUE
1,57 ,점심,TRUE
1,57 ,저녁,TRUE
1,58 ,아침,TRUE
1,58 ,점심,TRUE
1,58 ,저녁,TRUE
1,59 ,아침,TRUE
1,59 ,점심,TRUE
1,59 ,저녁,TRUE
1,60 ,아침,TRUE
1,60 ,점심,TRUE
1,60 ,저녁,TRUE
1,61 ,아침,TRUE
1,61 ,점심,TRUE
1,61 ,저녁,TRUE
1,62 ,아침,TRUE
1,62 ,점심,TRUE
1,62 ,저녁,TRUE
1,63 ,아침,TRUE
1,63 ,점심,TRUE
1,63 ,저녁,TRUE
1,64 ,아침,TRUE
1,64 ,점심,TRUE
1,64 ,저녁,TRUE
1,65 ,아침,TRUE
1,65 ,점심,TRUE
1,65 ,저녁,TRUE
1,66 ,아침,TRUE
1,66 ,점심,TRUE
1,66 ,저녁,TRUE
1,67 ,아침,TRUE
1,67 ,점심,TRUE
1,67 ,저녁,TRUE
1,68 ,아침,TRUE
1,68 ,점심,TRUE
1,68 ,저녁,TRUE
1,69 ,아침,TRUE
1,69 ,점심,TRUE
1,69 ,저녁,TRUE
1,70 ,아침,TRUE
1,70 ,점심,TRUE
1,70 ,저녁,TRUE
1,71 ,아침,TRUE
1,71 ,점심,TRUE
1,71 ,저녁,TRUE
1,72 ,아침,TRUE
1,72 ,점심,TRUE
1,72 ,저녁,TRUE
1,73 ,아침,TRUE
1,73 ,점심,TRUE
1,73 ,저녁,TRUE
1,74 ,아침,TRUE
1,74 ,점심,TRUE
1,74 ,저녁,TRUE
1,75 ,아침,TRUE
1,75 ,점심,TRUE
1,75 ,저녁,TRUE
1,76 ,아침,TRUE
1,76 ,점심,TRUE
1,76 ,저녁,TRUE
1,77 ,아침,TRUE
1,77 ,점심,TRUE
1,77 ,저녁,TRUE
1,78 ,아침,TRUE
1,78 ,점심,TRUE
1,78 ,저녁,TRUE
1,79 ,아침,TRUE
1,79 ,점심,TRUE
1,79 ,저녁,TRUE
1,80 ,아침,TRUE
1,80 ,점심,TRUE
1,80 ,저녁,TRUE
1,81 ,아침,TRUE
1,81 ,점심,TRUE
1,81 ,저녁,TRUE
1,82 ,아침,TRUE
1,82 ,점심,TRUE
1,82 ,저녁,TRUE
1,83 ,아침,TRUE
1,83 ,점심,TRUE
1,83 ,저녁,TRUE
1,84 ,아침,TRUE
1,84 ,점심,TRUE
1,84 ,저녁,TRUE
1,85 ,아침,TRUE
1,85 ,점심,TRUE
1,85 ,저녁,TRUE
1,86 ,아침,TRUE
1,86 ,점심,TRUE
1,86 ,저녁,TRUE
1,87 ,아침,TRUE
1,87 ,점심,TRUE
1,87 ,저녁,TRUE
1,88 ,아침,TRUE
1,88 ,점심,TRUE
1,88 ,저녁,TRUE
1,89 ,아침,TRUE
1,89 ,점심,TRUE
1,89 ,저녁,TRUE
1,90 ,아침,TRUE
1,90 ,점심,TRUE
1,90 ,저녁,TRUE
1,91 ,아침,TRUE
1,91 ,점심,TRUE
1,91 ,저녁,TRUE
1,92 ,아침,TRUE
1,92 ,점심,TRUE
1,92 ,저녁,TRUE
1,93 ,아침,TRUE
1,93 ,점심,TRUE
1,93 ,저녁,TRUE
1,94 ,아침,TRUE
1,94 ,점심,TRUE
1,94 ,저녁,TRUE
1,95 ,아침,TRUE
1,95 ,점심,TRUE
1,95 ,저녁,TRUE
1,96 ,아침,TRUE
1,96 ,점심,TRUE
1,96 ,저녁,TRUE
1,97 ,아침,TRUE
1,97 ,점심,TRUE
1,97 ,저녁,TRUE
1,98 ,아침,TRUE
1,98 ,점심,TRUE
1,98 ,저녁,TRUE
1,99 ,아침,TRUE
1,99 ,점심,TRUE
1,99 ,저녁,TRUE
1,100 ,아침,TRUE
1,100 ,점심,TRUE
1,100 ,저녁,TRUE
1,101 ,아침,TRUE
1,101 ,점심,TRUE
1,101 ,저녁,TRUE
1,102 ,아침,TRUE
1,102 ,점심,TRUE
1,102 ,저녁,TRUE
1,103 ,아침,TRUE
1,103 ,점심,TRUE
1,103 ,저녁,TRUE
1,104 ,아침,TRUE
1,104 ,점심,TRUE
1,104 ,저녁,TRUE
1,105 ,아침,TRUE
1,105 ,점심,TRUE
1,105 ,저녁,TRUE
1,106 ,아침,TRUE
1,106 ,점심,TRUE
1,106 ,저녁,TRUE
1,107 ,아침,TRUE
1,107 ,점심,TRUE
1,107 ,저녁,TRUE
1,108 ,아침,TRUE
1,108 ,점심,TRUE
1,108 ,저녁,TRUE
1,109 ,아침,TRUE
1,109 ,점심,TRUE
1,109 ,저녁,TRUE
1,110 ,아침,TRUE
1,110 ,점심,TRUE
1,110 ,저녁,TRUE
1,111 ,아침,TRUE
1,111 ,점심,TRUE
1,111 ,저녁,TRUE
1,112 ,아침,TRUE
1,112 ,점심,TRUE
1,112 ,저녁,TRUE
1,113 ,아침,TRUE
1,113 ,점심,TRUE
1,113 ,저녁,TRUE
1,114 ,아침,TRUE
1,114 ,점심,TRUE
1,114 ,저녁,TRUE
1,115 ,아침,TRUE
1,115 ,점심,TRUE
1,115 ,저녁,TRUE
1,116 ,아침,TRUE
1,116 ,점심,TRUE
1,116 ,저녁,TRUE
1,117 ,아침,TRUE
1,117 ,점심,TRUE
1,117 ,저녁,TRUE
1,118 ,아침,TRUE
1,118 ,점심,TRUE
1,118 ,저녁,TRUE
1,119 ,아침,TRUE
1,119 ,점심,TRUE
1,119 ,저녁,TRUE
1,120 ,아침,TRUE
1,120 ,점심,TRUE
1,120 ,저녁,TRUE
1,121 ,아침,TRUE
1,121 ,점심,TRUE
1,121 ,저녁,TRUE
1,122 ,아침,TRUE
1,122 ,점심,TRUE
1,122 ,저녁,TRUE
1,123 ,아침,TRUE
1,123 ,점심,TRUE
1,123 ,저녁,TRUE
1,124 ,아침,TRUE
1,124 ,점심,TRUE
1,124 ,저녁,TRUE
1,125 ,아침,TRUE
1,125 ,점심,TRUE
1,125 ,저녁,TRUE
1,126 ,아침,TRUE
1,126 ,점심,TRUE
1,126 ,저녁,TRUE
1,127 ,아침,TRUE
1,127 ,점심,TRUE
1,127 ,저녁,TRUE
1,128 ,아침,TRUE
1,128 ,점심,TRUE
1,128 ,저녁,TRUE
1,129 ,아침,TRUE
1,129 ,점심,TRUE
1,129 ,저녁,TRUE
1,130 ,아침,TRUE
1,130 ,점심,TRUE
1,130 ,저녁,TRUE
1,131 ,아침,TRUE
1,131 ,점심,TRUE
1,131 ,저녁,TRUE
1,132 ,아침,TRUE
1,132 ,점심,TRUE
1,132 ,저녁,TRUE
1,133 ,아침,TRUE
1,133 ,점심,TRUE
1,133 ,저녁,TRUE
1,134 ,아침,TRUE
1,134 ,점심,TRUE
1,134 ,저녁,TRUE
1,135 ,아침,TRUE
1,135 ,점심,TRUE
1,135 ,저녁,TRUE
1,136 ,아침,TRUE
1,136 ,점심,TRUE
1,136 ,저녁,TRUE
1,137 ,아침,TRUE
1,137 ,점심,TRUE
1,137 ,저녁,TRUE
1,138 ,아침,TRUE
1,138 ,점심,TRUE
1,138 ,저녁,TRUE
1,139 ,아침,TRUE
1,139 ,점심,TRUE
1,139 ,저녁,TRUE
1,140 ,아침,TRUE
1,140 ,점심,TRUE
1,140 ,저녁,TRUE
1,141 ,아침,TRUE
1,141 ,점심,TRUE
1,141 ,저녁,TRUE
1,142 ,아침,TRUE
1,142 ,점심,TRUE
1,142 ,저녁,TRUE
1,143 ,아침,TRUE
1,143 ,점심,TRUE
1,143 ,저녁,TRUE
1,144 ,아침,TRUE
1,144 ,점심,TRUE
1,144 ,저녁,TRUE
1,145 ,아침,TRUE
1,145 ,점심,TRUE
1,145 ,저녁,TRUE
1,146 ,아침,TRUE
1,146 ,점심,TRUE
1,146 ,저녁,TRUE
1,147 ,아침,TRUE
1,147 ,점심,TRUE
1,147 ,저녁,TRUE
1,148 ,아침,TRUE
1,148 ,점심,TRUE
1,148 ,저녁,TRUE
1,149 ,아침,TRUE
1,149 ,점심,TRUE
1,149 ,저녁,TRUE
1,150 ,아침,TRUE
1,150 ,점심,TRUE
1,150 ,저녁,TRUE
1,151 ,아침,TRUE
1,151 ,점심,TRUE
1,151 ,저녁,TRUE
1,152 ,아침,TRUE
1,152 ,점심,TRUE
1,152 ,저녁,TRUE
1,153 ,아침,TRUE
1,153 ,점심,TRUE
1,153 ,저녁,TRUE
1,154 ,아침,TRUE
1,154 ,점심,TRUE
1,154 ,저녁,TRUE
1,155 ,아침,TRUE
1,155 ,점심,TRUE
1,155 ,저녁,TRUE
1,156 ,아침,TRUE
1,156 ,점심,TRUE
1,156 ,저녁,TRUE
1,157 ,아침,TRUE
1,157 ,점심,TRUE
1,157 ,저녁,TRUE
1,158 ,아침,TRUE
1,158 ,점심,TRUE
1,158 ,저녁,TRUE
1,159 ,아침,TRUE
1,159 ,점심,TRUE
1,159 ,저녁,TRUE
1,160 ,아침,TRUE
1,160 ,점심,TRUE
1,160 ,저녁,TRUE
1,161 ,아침,TRUE
1,161 ,점심,TRUE
1,161 ,저녁,TRUE
1,162 ,아침,TRUE
1,162 ,점심,TRUE
1,162 ,저녁,TRUE
1,163 ,아침,TRUE
1,163 ,점심,TRUE
1,163 ,저녁,TRUE
1,164 ,아침,TRUE
1,164 ,점심,TRUE
1,164 ,저녁,TRUE
1,165 ,아침,TRUE
1,165 ,점심,TRUE
1,165 ,저녁,TRUE
1,166 ,아침,TRUE
1,166 ,점심,TRUE
1,166 ,저녁,TRUE
1,167 ,아침,TRUE
1,167 ,점심,TRUE
1,167 ,저녁,TRUE
1,168 ,아침,TRUE
1,168 ,점심,TRUE
1,168 ,저녁,TRUE
1,169 ,아침,TRUE
1,169 ,점심,TRUE
1,169 ,저녁,TRUE
1,170 ,아침,TRUE
1,170 ,점심,TRUE
1,170 ,저녁,TRUE
1,171 ,아침,TRUE
1,171 ,점심,TRUE
1,171 ,저녁,TRUE
1,172 ,아침,TRUE
1,172 ,점심,TRUE
1,172 ,저녁,TRUE
1,173 ,아침,TRUE
1,173 ,점심,TRUE
1,173 ,저녁,TRUE
1,174 ,아침,TRUE
1,174 ,점심,TRUE
1,174 ,저녁,TRUE
1,175 ,아침,TRUE
1,175 ,점심,TRUE
1,175 ,저녁,TRUE
1,176 ,아침,TRUE
1,176 ,점심,TRUE
1,176 ,저녁,TRUE
1,177 ,아침,TRUE
1,177 ,점심,TRUE
1,177 ,저녁,TRUE
1,178 ,아침,TRUE
1,178 ,점심,TRUE
1,178 ,저녁,TRUE
1,179 ,아침,TRUE
1,179 ,점심,TRUE
1,179 ,저녁,TRUE
1,180 ,아침,TRUE
1,180 ,점심,TRUE
1,180 ,저녁,TRUE
1,181 ,아침,TRUE
1,181 ,점심,TRUE
1,181 ,저녁,TRUE
1,182 ,아침,TRUE
1,182 ,점심,TRUE
1,182 ,저녁,TRUE
1,183 ,아침,TRUE
1,183 ,점심,TRUE
1,183 ,저녁,TRUE
1,184 ,아침,TRUE
1,184 ,점심,TRUE
1,184 ,저녁,TRUE
1,185 ,아침,TRUE
1,185 ,점심,TRUE
1,185 ,저녁,TRUE
1,186 ,아침,TRUE
1,186 ,점심,TRUE
1,186 ,저녁,TRUE
1,187 ,아침,TRUE
1,187 ,점심,TRUE
1,187 ,저녁,TRUE
1,188 ,아침,TRUE
1,188 ,점심,TRUE
1,188 ,저녁,TRUE
1,189 ,아침,TRUE
1,189 ,점심,TRUE
1,189 ,저녁,TRUE
1,190 ,아침,TRUE
1,190 ,점심,TRUE
1,190 ,저녁,TRUE
1,191 ,아침,TRUE
1,191 ,점심,TRUE
1,191 ,저녁,TRUE
1,192 ,아침,TRUE
1,192 ,점심,TRUE
1,192 ,저녁,TRUE
1,193 ,아침,TRUE
1,193 ,점심,TRUE
1,193 ,저녁,TRUE
1,194 ,아침,TRUE
1,194 ,점심,TRUE
1,194 ,저녁,TRUE
1,195 ,아침,TRUE
1,195 ,점심,TRUE
1,195 ,저녁,TRUE
1,196 ,아침,TRUE
1,196 ,점심,TRUE
1,196 ,저녁,TRUE
1,197 ,아침,TRUE
1,197 ,점심,TRUE
1,197 ,저녁,TRUE
1,198 ,아침,TRUE
1,198 ,점심,TRUE
1,198 ,저녁,TRUE
